Teacher Name,Email,Specialization,Phone
Dr. S. N. Pawar,snpawar@jnec.ac.in,Computer Networks & Wireless Communication,+91-240-2482893
Prof. F. I. Shaikh,fishaikh@jnec.ac.in,Electronic Devices & Digital Image Processing,+91-240-2482893
Dr. V. B. Malode,vbmalode@jnec.ac.in,Data Structures & CMOS Design,+91-240-2482893
Dr. V. A. More,vamore@jnec.ac.in,Analog Circuits & Electrical Engineering,+91-240-2482893
Prof. V. A. Kulkarni,vakulkarni@jnec.ac.in,Digital System Design & Embedded Systems,+91-240-2482893
Prof. S. A. Annadate,saannadate@jnec.ac.in,Software Engineering & Image Processing,+91-240-2482893
Prof. G. R. Basole,grbasole@jnec.ac.in,Automotive Electronics & Community Engagement,+91-240-2482893
Prof. A. P. Phatale,apphatale@jnec.ac.in,Operating Systems & Databases,+91-240-2482893
Prof. A. R. Salunke,arsalunke@jnec.ac.in,Computer Networks & Network Security,+91-240-2482893
Dr. C. S. Khandelwal,cskhandelwal@jnec.ac.in,Database Management & Data Analytics,+91-240-2482893
Prof. S. D. Jadhav,sdjadhav@jnec.ac.in,"Probability & Statistics, Business Management",+91-240-2482893
Prof. M. A. Mulay,mamulay@jnec.ac.in,Digital Systems & Analog Circuits,+91-240-2482893
Dr. S. D. Gavarskar,sdgavarskar@jnec.ac.in,Data Structures & Algorithms,+91-240-2482893
Prof. M. K. Pawar,mkpawar@jnec.ac.in,Data Science & Web Development,+91-240-2482893
Prof. P. B. Murmude,pbmurmude@jnec.ac.in,Web Development Framework & IoT,+91-240-2482893
Prof. A. G. Patil,agpatil@jnec.ac.in,Specialized Honors & Systems,+91-240-2482893
Prof. P. P. Patil,pppatil@jnec.ac.in,Natural Language Processing & AI,+91-240-2482893
Prof. V. J. Lipne,vjlipne@jnec.ac.in,Artificial Intelligence & Industry Projects,+91-240-2482893
Prof. R. L. Mudbe,rlmudbe@jnec.ac.in,Engineering Exploration & NCC,+91-240-2482893