Subject Name,Subject Code,Periods per Week,Is Lab,Lab Duration Hours,Classes,Teachers
Digital System Design (DSD),EC201,2,No,1,SE-ECCE,"Prof. M. A. Mulay, Prof. V. A. Kulkarni"
DSD Lab,EC201L,2,Yes,2,SE-ECCE,Prof. M. A. Mulay
Data Structures (DS),EC202,2,No,1,SE-ECCE,"Dr. V. B. Malode, Dr. S. D. Gavarskar"
DS Lab,EC202L,2,Yes,2,SE-ECCE,"Dr. V. B. Malode, Dr. S. D. Gavarskar"
Electronic Circuits & Network Theory (EC&NT),EC203,2,No,1,SE-ECCE,"Dr. V. B. Malode, Prof. F. I. Shaikh"
EC&NT Lab,EC203L,2,Yes,2,SE-ECCE,Prof. F. I. Shaikh
Business Management & Financial Accounting (BMFA),EC204,2,No,1,SE-ECCE,Prof. S. D. Jadhav
Community Engagement,EC205L,2,Yes,2,SE-ECCE,Prof. G. R. Basole
Multidisciplinary Minor (MDM),EC206,2,No,1,SE-ECCE,Dr. S. D. Gavarskar
Constitution of India,EC207,2,No,1,SE-ECCE,Prof. G. R. Basole
Digital Systems & Microprocessors (DS&MP),AI201,2,No,1,SE-AIDS,Prof. V. A. Kulkarni
DS&MP Lab,AI201L,2,Yes,2,SE-AIDS,Prof. V. A. Kulkarni
Data Structures (AIDS),AI202,2,No,1,SE-AIDS,"Dr. S. D. Gavarskar, Dr. V. B. Malode"
DS Lab (AIDS),AI202L,2,Yes,2,SE-AIDS,"Dr. S. D. Gavarskar, Dr. V. B. Malode"
Probability & Random Processes (PB&RP),AI203,2,No,1,SE-AIDS,Prof. S. D. Jadhav
Web Development Lab (SE),AI204L,2,Yes,2,SE-AIDS,Prof. M. K. Pawar
BM&FA (AIDS),AI205,2,No,1,SE-AIDS,Prof. S. D. Jadhav
Community Engagement (AIDS),AI206L,2,Yes,2,SE-AIDS,Prof. G. R. Basole
MDM (AIDS),AI207,2,No,1,SE-AIDS,Dr. C. S. Khandelwal
Constitution of India (AIDS),AI208,2,No,1,SE-AIDS,Prof. G. R. Basole
Computer Networks (ECCE),EC301,3,No,1,TY-ECCE,"Prof. A. R. Salunke, Dr. S. N. Pawar"
CN Lab (ECCE),EC301L,2,Yes,2,TY-ECCE,Prof. A. R. Salunke
Operating Systems (ECCE),EC302,3,No,1,TY-ECCE,Prof. A. P. Phatale
OS Lab (ECCE),EC302L,2,Yes,2,TY-ECCE,Prof. A. P. Phatale
Database Management Systems (ECCE),EC303,3,No,1,TY-ECCE,"Dr. C. S. Khandelwal, Prof. A. P. Phatale"
DBMS Lab (ECCE),EC303L,2,Yes,2,TY-ECCE,Dr. C. S. Khandelwal
Analog Communication (AC),EC304,3,No,1,TY-ECCE,"Prof. M. A. Mulay, Dr. V. A. More"
AC Lab,EC304L,2,Yes,2,TY-ECCE,Prof. M. A. Mulay
PE-I (IoT),EC305,3,No,1,TY-ECCE,"Prof. F. I. Shaikh, Prof. P. B. Murmude"
IoT Lab,EC305L,2,Yes,2,TY-ECCE,Prof. P. B. Murmude
MDM (TY-ECCE),EC306,2,No,1,TY-ECCE,Prof. P. B. Murmude
Computer Networks (TY-AIDS),AI301,3,No,1,TY-AIDS,"Prof. A. R. Salunke, Dr. S. N. Pawar"
CN Lab (TY-AIDS),AI301L,2,Yes,2,TY-AIDS,Prof. A. R. Salunke
Operating Systems (TY-AIDS),AI302,3,No,1,TY-AIDS,Prof. A. P. Phatale
OS Lab (TY-AIDS),AI302L,2,Yes,2,TY-AIDS,Prof. A. P. Phatale
DBMS (TY-AIDS),AI303,3,No,1,TY-AIDS,Dr. C. S. Khandelwal
DBMS Lab (TY-AIDS),AI303L,2,Yes,2,TY-AIDS,Dr. C. S. Khandelwal
Data Science (TY-AIDS),AI304,3,No,1,TY-AIDS,Prof. M. K. Pawar
DS Lab (TY-AIDS),AI304L,2,Yes,2,TY-AIDS,Prof. M. K. Pawar
PE-I (TY-AIDS),AI305,3,No,1,TY-AIDS,Prof. V. A. Kulkarni
MDM (TY-AIDS),AI306,2,No,1,TY-AIDS,Dr. S. D. Gavarskar
Digital Signal Processing (DSP),EC401,3,No,1,B.Tech-ECCE,"Prof. F. I. Shaikh, Prof. M. A. Mulay"
DSP Lab,EC401L,2,Yes,2,B.Tech-ECCE,Prof. F. I. Shaikh
Computer Networks (B.Tech-ECCE),EC402,3,No,1,B.Tech-ECCE,"Dr. S. N. Pawar, Prof. S. D. Jadhav"
CN Lab (B.Tech-ECCE),EC402L,2,Yes,2,B.Tech-ECCE,Prof. S. D. Jadhav
Software Engineering (ECCE),EC403,3,No,1,B.Tech-ECCE,Prof. S. A. Annadate
Software Engineering Lab (ECCE),EC403L,2,Yes,2,B.Tech-ECCE,Prof. S. A. Annadate
PE-III (DIP),EC404,3,No,1,B.Tech-ECCE,"Prof. F. I. Shaikh, Prof. S. A. Annadate"
DIP Lab,EC404L,2,Yes,2,B.Tech-ECCE,Prof. S. A. Annadate
PE-IV (AI),EC405,3,No,1,B.Tech-ECCE,Prof. V. J. Lipne
AI Lab (ECCE),EC405L,2,Yes,2,B.Tech-ECCE,Prof. V. J. Lipne
Business Management (ECCE),EC406,2,No,1,B.Tech-ECCE,Prof. S. D. Jadhav
Natural Language Processing (NLP),AI401,3,No,1,B.Tech-AIDS,Prof. P. P. Patil
NLP Lab,AI401L,2,Yes,2,B.Tech-AIDS,Prof. P. P. Patil
Computer Networks (B.Tech-AIDS),AI402,3,No,1,B.Tech-AIDS,"Dr. S. N. Pawar, Prof. A. R. Salunke"
CN Lab (B.Tech-AIDS),AI402L,2,Yes,2,B.Tech-AIDS,Prof. A. R. Salunke
Software Engineering (AIDS),AI403,3,No,1,B.Tech-AIDS,Prof. S. A. Annadate
Software Engineering Lab (AIDS),AI403L,2,Yes,2,B.Tech-AIDS,Prof. S. A. Annadate
Web Development (AIDS),AI404,3,No,1,B.Tech-AIDS,"Prof. M. K. Pawar, Prof. P. B. Murmude"
Web Development Lab (AIDS),AI404L,2,Yes,2,B.Tech-AIDS,Prof. M. K. Pawar
PE-III (AIDS),AI405,3,No,1,B.Tech-AIDS,"Prof. V. J. Lipne, Prof. P. P. Patil"
PE-III Lab (AIDS),AI405L,2,Yes,2,B.Tech-AIDS,Prof. V. J. Lipne
Business Management (AIDS),AI406,2,No,1,B.Tech-AIDS,Prof. S. D. Jadhav